G0m8	33aab32c7e9f	a761f1f1f	fa034bd2c94b89de62e994c5109196e05d654ff9	equal	fix(cua-driver): focus guard takes a final diff when the settle watch ends after a stalled read
G0m8	d0be72eb3f74	47f0f7c1b	1e7ae7ecbb47a085938ae675c0b4663772725658	equal	exp(cua-driver): measurement-only phase marks for the R2-04 AT-SPI profile
G0m8	8effa947e249	ae2308d08	2190d8cdadc82d04d9cfc5855175e056179e7fa7	equal	exp(cua-driver): measurement-only N-01R native wait knobs (default off)
G0m8	cddc825352ac	16d21fd56	a1ecb53e9f27f9ed6cdad052826bca967aa5a449	equal	exp(cua-driver): measurement-only N-02 settle clamp knob and MCP span marks (default off)
G0m8F	33aab32c7e9f	a761f1f1f	fa034bd2c94b89de62e994c5109196e05d654ff9	equal	fix(cua-driver): focus guard takes a final diff when the settle watch ends after a stalled read
G0m8F	d0be72eb3f74	47f0f7c1b	1e7ae7ecbb47a085938ae675c0b4663772725658	equal	exp(cua-driver): measurement-only phase marks for the R2-04 AT-SPI profile
G0m8F	8effa947e249	ae2308d08	2190d8cdadc82d04d9cfc5855175e056179e7fa7	equal	exp(cua-driver): measurement-only N-01R native wait knobs (default off)
G0m8F	cddc825352ac	16d21fd56	a1ecb53e9f27f9ed6cdad052826bca967aa5a449	equal	exp(cua-driver): measurement-only N-02 settle clamp knob and MCP span marks (default off)
G0m8F	35c776b03117	dd7f33b58103	fab3a87acc0a9a3266ac0d136aee6a66351b19a3	equal	fix(cua-driver): focus guard does not count the Driver's own cursor overlay as a popup
G08F	d06dd09f5cba	a761f1f1f	fa034bd2c94b89de62e994c5109196e05d654ff9	equal	fix(cua-driver): focus guard takes a final diff when the settle watch ends after a stalled read
G08F	293f541faf17	dd7f33b58103	fab3a87acc0a9a3266ac0d136aee6a66351b19a3	equal	fix(cua-driver): focus guard does not count the Driver's own cursor overlay as a popup
U0m8F	1f33cddbefdf	1185d8a05	1e7ae7ecbb47a085938ae675c0b4663772725658	equal	exp(cua-driver): measurement-only phase marks for the R2-04 AT-SPI profile
U0m8F	f6e70f5526cb	54ebd11cb	6db07086595e2825676164fd19c6e9e3ff038230	equal	exp(cua-driver): measurement-only N-01R native wait knobs (default off)
U0m8F	9765687a715c	0944feb31	c829156f2c004bb21e4084e83da6eb26816c9c2a	equal	exp(cua-driver): measurement-only N-02 settle clamp knob and MCP span marks (default off)
U0m8F	a0a889b5eacf	dd7f33b58103	fab3a87acc0a9a3266ac0d136aee6a66351b19a3	equal	fix(cua-driver): focus guard does not count the Driver's own cursor overlay as a popup
GA8F	d06dd09f5cba	a761f1f1f	fa034bd2c94b89de62e994c5109196e05d654ff9	equal	fix(cua-driver): focus guard takes a final diff when the settle watch ends after a stalled read
GA8F	293f541faf17	dd7f33b58103	fab3a87acc0a9a3266ac0d136aee6a66351b19a3	equal	fix(cua-driver): focus guard does not count the Driver's own cursor overlay as a popup
GA8F	d21d13aea898	064d2e4ad	93a1826ee73077498ddb9f73bdd9d0cffb49fdaf	equal	fix(cua-driver): reconnect to a restarted AT-SPI bus instead of degrading forever
GQ8	d06dd09f5cba	a761f1f1f	fa034bd2c94b89de62e994c5109196e05d654ff9	equal	fix(cua-driver): focus guard takes a final diff when the settle watch ends after a stalled read
GQ8	297668186cd4	064d2e4ad	93a1826ee73077498ddb9f73bdd9d0cffb49fdaf	equal	fix(cua-driver): reconnect to a restarted AT-SPI bus instead of degrading forever
GQ8	f6c430e87f4e	31318e374	faf6bbc304a48baaea2335b9b7efff5cc23b9e4a	equal	fix(cua-driver): give up an AT-SPI connection whose bus daemon stops answering
GQ8	ec4603afd5b1	4ac191a7c	82fdc7e3e648e600f6eccf0f81cdb86673156a04	equal	fix(cua-driver): focus guard checks the core focus owner before the same-app rule
GQ8F	d06dd09f5cba	a761f1f1f	fa034bd2c94b89de62e994c5109196e05d654ff9	equal	fix(cua-driver): focus guard takes a final diff when the settle watch ends after a stalled read
GQ8F	297668186cd4	064d2e4ad	93a1826ee73077498ddb9f73bdd9d0cffb49fdaf	equal	fix(cua-driver): reconnect to a restarted AT-SPI bus instead of degrading forever
GQ8F	f6c430e87f4e	31318e374	faf6bbc304a48baaea2335b9b7efff5cc23b9e4a	equal	fix(cua-driver): give up an AT-SPI connection whose bus daemon stops answering
GQ8F	ec4603afd5b1	4ac191a7c	82fdc7e3e648e600f6eccf0f81cdb86673156a04	equal	fix(cua-driver): focus guard checks the core focus owner before the same-app rule
GQ8F	a37329576f05	dd7f33b58103	fab3a87acc0a9a3266ac0d136aee6a66351b19a3	equal	fix(cua-driver): focus guard does not count the Driver's own cursor overlay as a popup
G0m8A	8a6ef39a54eb	a761f1f1f	fa034bd2c94b89de62e994c5109196e05d654ff9	equal	fix(cua-driver): focus guard takes a final diff when the settle watch ends after a stalled read
G0m8A	661051cf12cb	47f0f7c1b	1e7ae7ecbb47a085938ae675c0b4663772725658	equal	exp(cua-driver): measurement-only phase marks for the R2-04 AT-SPI profile
G0m8A	68cc4fbb9fc3	ae2308d08	2190d8cdadc82d04d9cfc5855175e056179e7fa7	equal	exp(cua-driver): measurement-only N-01R native wait knobs (default off)
G0m8A	9ecf113a107f	16d21fd56	a1ecb53e9f27f9ed6cdad052826bca967aa5a449	equal	exp(cua-driver): measurement-only N-02 settle clamp knob and MCP span marks (default off)
G0m8T	33aab32c7e9f	a761f1f1f	fa034bd2c94b89de62e994c5109196e05d654ff9	equal	fix(cua-driver): focus guard takes a final diff when the settle watch ends after a stalled read
G0m8T	d0be72eb3f74	47f0f7c1b	1e7ae7ecbb47a085938ae675c0b4663772725658	equal	exp(cua-driver): measurement-only phase marks for the R2-04 AT-SPI profile
G0m8T	8effa947e249	ae2308d08	2190d8cdadc82d04d9cfc5855175e056179e7fa7	equal	exp(cua-driver): measurement-only N-01R native wait knobs (default off)
G0m8T	cddc825352ac	16d21fd56	a1ecb53e9f27f9ed6cdad052826bca967aa5a449	equal	exp(cua-driver): measurement-only N-02 settle clamp knob and MCP span marks (default off)
G0m8T	bcab979559e6	-	425a813f59f6b2c0964ef4d8f9a94fc30d61e082	new	exp(cua-driver): FIX-20O control only, not a fix: focus guard popup census skips pid-less 'Cua.' titles
M8F	dd7f33b58103	dd7f33b58103	fab3a87acc0a9a3266ac0d136aee6a66351b19a3	equal	fix(cua-driver): focus guard does not count the Driver's own cursor overlay as a popup
REV5e13	3b3f18ba09da	5e13eb777	931f066dbad0f5ef9665b62504b885f95a28d670	revert	revert of 5e13eb777 (clean)
