orig_path	source_commit	source_path	blob	equal
orig/r2-10r/analyze_r2_10.py	c183b95e3	docs/experiments/r2-10r-recert-2026-10-03/analyze_r2_10.py	af3a691c3b4e6f1681fdfa4df107a560ff9c612b	yes
orig/r2-10r/harness/d1_drift.py	c183b95e3	docs/experiments/r2-10r-recert-2026-10-03/harness/d1_drift.py	5aca083496bdfd717e872f742646da13994ac107	yes
orig/r2-10r/harness/in_session.sh	c183b95e3	docs/experiments/r2-10r-recert-2026-10-03/harness/in_session.sh	df4aefb249ed50f95ebd343ff69de12513b467d2	yes
orig/r2-10r/harness/native-plan.json	c183b95e3	docs/experiments/r2-10r-recert-2026-10-03/harness/native-plan.json	e210dd5e6ff94283d8753e23961bfe61a298e7d5	yes
orig/r2-10r/harness/package_raw.py	c183b95e3	docs/experiments/r2-10r-recert-2026-10-03/harness/package_raw.py	f394fe98ed3149cf38a10f24ccd1d014dd53c8fa	yes
orig/r2-10r/harness/phase0_fix01.py	c183b95e3	docs/experiments/r2-10r-recert-2026-10-03/harness/phase0_fix01.py	58cb39f39ec2d627bd540d44f2e5727142801fe7	yes
orig/r2-10r/harness/phase0_unit.sh	c183b95e3	docs/experiments/r2-10r-recert-2026-10-03/harness/phase0_unit.sh	fb0610507fd07ed45b7dfcfa4a4394ee99b3dc46	yes
orig/r2-10r/harness/r2_10_browser.py	c183b95e3	docs/experiments/r2-10r-recert-2026-10-03/harness/r2_10_browser.py	83bccc2f351689ecd6f0d2103e61012130d84af4	yes
orig/r2-10r/harness/r2_10_native.py	c183b95e3	docs/experiments/r2-10r-recert-2026-10-03/harness/r2_10_native.py	1ff4fa7e42f54627023e92cf6224faedb4ba6b7b	yes
orig/r2-10r/harness/run_chunk.sh	c183b95e3	docs/experiments/r2-10r-recert-2026-10-03/harness/run_chunk.sh	b0964ddfaeebf40423a567b7e3e541d3bff9f9d2	yes
orig/r2-10r/harness/src/b-01-browser-critpath-2026-10-02/R2-10-PREREG-DRAFT.json	c183b95e3	docs/experiments/r2-10r-recert-2026-10-03/harness/src/b-01-browser-critpath-2026-10-02/R2-10-PREREG-DRAFT.json	15089562cb2323cf0c6a9494ed380d2b57905575	yes
orig/r2-10r/harness/src/b-02-browser-driver-sites-2026-10-02/analyze_b02.py	c183b95e3	docs/experiments/r2-10r-recert-2026-10-03/harness/src/b-02-browser-driver-sites-2026-10-02/analyze_b02.py	e9a92fa0e4923c537b7d87bf0aff34785ab21dd8	yes
orig/r2-10r/harness/src/b-02-browser-driver-sites-2026-10-02/analyze_browser.py	c183b95e3	docs/experiments/r2-10r-recert-2026-10-03/harness/src/b-02-browser-driver-sites-2026-10-02/analyze_browser.py	43f4e8db0076c03f71879084a91b99f9785b0b9d	yes
orig/r2-10r/harness/src/b-02-browser-driver-sites-2026-10-02/analyze.py	c183b95e3	docs/experiments/r2-10r-recert-2026-10-03/harness/src/b-02-browser-driver-sites-2026-10-02/analyze.py	c70e622721439cc824dce1c5b94dec8cd3dd8d1a	yes
orig/r2-10r/harness/src/b-02-browser-driver-sites-2026-10-02/b01_analysis.py	c183b95e3	docs/experiments/r2-10r-recert-2026-10-03/harness/src/b-02-browser-driver-sites-2026-10-02/b01_analysis.py	6632de0f9814e547f2aa8f70ee678aa31d1eac12	yes
orig/r2-10r/harness/src/b-02-browser-driver-sites-2026-10-02/b01_fixtures.py	c183b95e3	docs/experiments/r2-10r-recert-2026-10-03/harness/src/b-02-browser-driver-sites-2026-10-02/b01_fixtures.py	6b2e7ad8b8b72c8fafbcb32ff8ad847d7d2c091d	yes
orig/r2-10r/harness/src/b-02-browser-driver-sites-2026-10-02/b01_tasks.py	c183b95e3	docs/experiments/r2-10r-recert-2026-10-03/harness/src/b-02-browser-driver-sites-2026-10-02/b01_tasks.py	05dd33e5ee8fa4c98cfc563c9c94941bf3a8a3fe	yes
orig/r2-10r/harness/src/b-02-browser-driver-sites-2026-10-02/cdp_raw.py	c183b95e3	docs/experiments/r2-10r-recert-2026-10-03/harness/src/b-02-browser-driver-sites-2026-10-02/cdp_raw.py	6f103930dc543ad0bb69b8ea132c6ef7fb719c7d	yes
orig/r2-10r/harness/src/b-02-browser-driver-sites-2026-10-02/run_b02.py	c183b95e3	docs/experiments/r2-10r-recert-2026-10-03/harness/src/b-02-browser-driver-sites-2026-10-02/run_b02.py	528966ddade37bfa076d716720f03efd696bb807	yes
orig/r2-10r/harness/src/b-02-browser-driver-sites-2026-10-02/run_critpath.py	c183b95e3	docs/experiments/r2-10r-recert-2026-10-03/harness/src/b-02-browser-driver-sites-2026-10-02/run_critpath.py	673c7f5a7350e6ccc5e4736cfa59daae94c7088a	yes
orig/r2-10r/harness/src/fix-01-detached-node-refusal-2026-10-02/harness/fix01_fixture.py	c183b95e3	docs/experiments/r2-10r-recert-2026-10-03/harness/src/fix-01-detached-node-refusal-2026-10-02/harness/fix01_fixture.py	96f6be1ffab3d3af47717d4629fea7adf067abb8	yes
orig/r2-10r/harness/src/fix-01-detached-node-refusal-2026-10-02/harness/fix01_harness.py	c183b95e3	docs/experiments/r2-10r-recert-2026-10-03/harness/src/fix-01-detached-node-refusal-2026-10-02/harness/fix01_harness.py	b602359fe7c292816dcfb125334bdfbc3ba34a9c	yes
orig/r2-10r/harness/src/fix-01-detached-node-refusal-2026-10-02/harness/fix01_launcher.py	c183b95e3	docs/experiments/r2-10r-recert-2026-10-03/harness/src/fix-01-detached-node-refusal-2026-10-02/harness/fix01_launcher.py	b4cebeb969b59293e266338d1ea7b08a6e6db93d	yes
orig/r2-10r/harness/src/fix-01-detached-node-refusal-2026-10-02/harness/locked.sh	c183b95e3	docs/experiments/r2-10r-recert-2026-10-03/harness/src/fix-01-detached-node-refusal-2026-10-02/harness/locked.sh	32c11aefe4e47fba08b692fd1cebc5f1b287fbfc	yes
orig/r2-10r/harness/src/fix-01-detached-node-refusal-2026-10-02/harness/package_raw.py	c183b95e3	docs/experiments/r2-10r-recert-2026-10-03/harness/src/fix-01-detached-node-refusal-2026-10-02/harness/package_raw.py	40358a1d20c33f86feb7ddce9d48c70297a7652c	yes
orig/r2-10r/harness/src/fix-01-detached-node-refusal-2026-10-02/harness/run_block.sh	c183b95e3	docs/experiments/r2-10r-recert-2026-10-03/harness/src/fix-01-detached-node-refusal-2026-10-02/harness/run_block.sh	c93ea404e1d94af8029b687334656c5d4e74b65d	yes
orig/r2-10r/harness/src/fix-01-detached-node-refusal-2026-10-02/harness/rust_tests.sh	c183b95e3	docs/experiments/r2-10r-recert-2026-10-03/harness/src/fix-01-detached-node-refusal-2026-10-02/harness/rust_tests.sh	820659faf0e60438ed9010bcf3462cd07b6a8dee	yes
orig/r2-10r/harness/src/n-01r-native-wait-ab-2026-10-02/analyze.py	c183b95e3	docs/experiments/r2-10r-recert-2026-10-03/harness/src/n-01r-native-wait-ab-2026-10-02/analyze.py	d7ced0ef8b81fdfdedf0a2e96d024b6643d91afd	yes
orig/r2-10r/harness/src/n-01r-native-wait-ab-2026-10-02/fixture_late.py	c183b95e3	docs/experiments/r2-10r-recert-2026-10-03/harness/src/n-01r-native-wait-ab-2026-10-02/fixture_late.py	2a1d7a3b81c889341434a27e26557c0e683c40c5	yes
orig/r2-10r/harness/src/n-01r-native-wait-ab-2026-10-02/make_plan.py	c183b95e3	docs/experiments/r2-10r-recert-2026-10-03/harness/src/n-01r-native-wait-ab-2026-10-02/make_plan.py	79b2f060e09af122bb5f27930e5791b12375da66	yes
orig/r2-10r/harness/src/n-01r-native-wait-ab-2026-10-02/n01r_harness.py	c183b95e3	docs/experiments/r2-10r-recert-2026-10-03/harness/src/n-01r-native-wait-ab-2026-10-02/n01r_harness.py	bc79513f8b9a4c4422c87fea7bea71e46197bd2d	yes
orig/r2-10r/harness/src/n-01r-native-wait-ab-2026-10-02/run_all.sh	c183b95e3	docs/experiments/r2-10r-recert-2026-10-03/harness/src/n-01r-native-wait-ab-2026-10-02/run_all.sh	b54aebf50f8da1011e5f2d96ab48f1301f36b4fa	yes
orig/r2-10r/harness/src/n-01r-native-wait-ab-2026-10-02/run_block.sh	c183b95e3	docs/experiments/r2-10r-recert-2026-10-03/harness/src/n-01r-native-wait-ab-2026-10-02/run_block.sh	0300946ab992951b35eaefc42c2bf208e5a60a9f	yes
orig/r2-10r/harness/src/n-01r-native-wait-ab-2026-10-02/unit_in_session.sh	c183b95e3	docs/experiments/r2-10r-recert-2026-10-03/harness/src/n-01r-native-wait-ab-2026-10-02/unit_in_session.sh	bbf2ea58cf0e4d42ef59780cd36cf73156a49164	yes
orig/r2-10r/harness/src/n-01r-native-wait-ab-2026-10-02/xprobe.py	c183b95e3	docs/experiments/r2-10r-recert-2026-10-03/harness/src/n-01r-native-wait-ab-2026-10-02/xprobe.py	f17d83691faacc9397dc4c91a1f4018622c0d75d	yes
orig/r2-10r/harness/src/r2-07-2026-10-02/harness/compiled_routine.py	c183b95e3	docs/experiments/r2-10r-recert-2026-10-03/harness/src/r2-07-2026-10-02/harness/compiled_routine.py	3be4518318d7e77fbbc46d0eb2855ad65a0a007e	yes
orig/r2-10r/harness/src/r2-07-2026-10-02/harness/fault_transport.py	c183b95e3	docs/experiments/r2-10r-recert-2026-10-03/harness/src/r2-07-2026-10-02/harness/fault_transport.py	95abb74e62b8f5edca28b046a3f4f887aee34c83	yes
orig/r2-10r/harness/src/r2-07-2026-10-02/harness/fixture.py	c183b95e3	docs/experiments/r2-10r-recert-2026-10-03/harness/src/r2-07-2026-10-02/harness/fixture.py	8b03a7b2a18fd8bd9a673577641b928d0ca1af56	yes
orig/r2-10r/harness/src/r2-07-2026-10-02/harness/r2_07_harness.py	c183b95e3	docs/experiments/r2-10r-recert-2026-10-03/harness/src/r2-07-2026-10-02/harness/r2_07_harness.py	b2672cf9872a755ada2ff8d0e33baa0b3b8b6e6b	yes
orig/r2-10r/harness/src/r2-07-2026-10-02/harness/r2_07_launcher.py	c183b95e3	docs/experiments/r2-10r-recert-2026-10-03/harness/src/r2-07-2026-10-02/harness/r2_07_launcher.py	0ba13137f9eb003526c07766e34eab0e50c3e0fe	yes
orig/r2-10r/harness/src/r2-07-2026-10-02/harness/test_compiled_routine.py	c183b95e3	docs/experiments/r2-10r-recert-2026-10-03/harness/src/r2-07-2026-10-02/harness/test_compiled_routine.py	e9c7ff81e6ea39fb493a328d38b920d56165141d	yes
orig/r2-10r/harness/src/r2-07-2026-10-02/raw/learn/artifact.json	c183b95e3	docs/experiments/r2-10r-recert-2026-10-03/harness/src/r2-07-2026-10-02/raw/learn/artifact.json	4ffbe21d7d105f0ca77ec623c0e53f0180d866b7	yes
orig/r2-10r/make_headlines.py	c183b95e3	docs/experiments/r2-10r-recert-2026-10-03/make_headlines.py	318ddfa667921941e822eba956bd85567eeba444	yes
orig/r2-10r/recert_gates.py	c183b95e3	docs/experiments/r2-10r-recert-2026-10-03/recert_gates.py	60db542c5df29f4787ea84a3bc74b89e7bfc1b41	yes
orig/r2-10r/reference/r2-10-reference.json	c183b95e3	docs/experiments/r2-10r-recert-2026-10-03/reference/r2-10-reference.json	78bcb60eb387c785f1fad37a34233325386d1bb1	yes
orig/n-04/analyze_n04.py	9d7d8d7a5	docs/experiments/n-04-native-composition-rprime-2026-10-03/analyze_n04.py	1faa05df62060775e5665c3dadec9e239babec6f	yes
orig/n-04/harness/make_plan_n04.py	9d7d8d7a5	docs/experiments/n-04-native-composition-rprime-2026-10-03/harness/make_plan_n04.py	7670b46ae5e7fe21035f73398f238a75c4c3092b	yes
orig/n-04/harness/n03/fixture_axfg.py	9d7d8d7a5	docs/experiments/n-04-native-composition-rprime-2026-10-03/harness/n03/fixture_axfg.py	ba5af6d878e97d5ffc0649c5e3d784caa3b6bbe9	yes
orig/n-04/harness/n03/make_plan.py	9d7d8d7a5	docs/experiments/n-04-native-composition-rprime-2026-10-03/harness/n03/make_plan.py	a448769f632be30c54f3bc6b8a876f1849489fac	yes
orig/n-04/harness/n03/n03_harness.py	9d7d8d7a5	docs/experiments/n-04-native-composition-rprime-2026-10-03/harness/n03/n03_harness.py	6680473a26a99516e1aff17831e38534bfb159f3	yes
orig/n-04/harness/n03/run_all.sh	9d7d8d7a5	docs/experiments/n-04-native-composition-rprime-2026-10-03/harness/n03/run_all.sh	f9086d6aba552be3c979432e7d46e7fbd9f26b25	yes
orig/n-04/harness/n03/run_block.sh	9d7d8d7a5	docs/experiments/n-04-native-composition-rprime-2026-10-03/harness/n03/run_block.sh	6565df9ed6816a7b467803e8918d9a68b6be54f5	yes
orig/n-04/harness/n03/xprobe.py	9d7d8d7a5	docs/experiments/n-04-native-composition-rprime-2026-10-03/harness/n03/xprobe.py	f17d83691faacc9397dc4c91a1f4018622c0d75d	yes
orig/n-04/harness/n04_harness.py	9d7d8d7a5	docs/experiments/n-04-native-composition-rprime-2026-10-03/harness/n04_harness.py	0339a2a749c9c3d1c371d08b6393c2be6a375fc8	yes
orig/n-04/harness/run_block_n04.sh	9d7d8d7a5	docs/experiments/n-04-native-composition-rprime-2026-10-03/harness/run_block_n04.sh	ab472d505a2bdcefa359f9d98f225afec0df9bbb	yes
orig/n-04/harness/run_chunks.sh	9d7d8d7a5	docs/experiments/n-04-native-composition-rprime-2026-10-03/harness/run_chunks.sh	a64a986429b4843407f4e333c212ae817b0038e0	yes
orig/n-04/hc_control.py	9d7d8d7a5	docs/experiments/n-04-native-composition-rprime-2026-10-03/hc_control.py	4fc50e6fd37edeb3d96e6cbe8487e9a87f1aef2e	yes
orig/n-04/make_headlines.py	9d7d8d7a5	docs/experiments/n-04-native-composition-rprime-2026-10-03/make_headlines.py	51a7ce72debb051f8d15665e5ea396ec6aa61e56	yes
orig/n-04/plan.json	9d7d8d7a5	docs/experiments/n-04-native-composition-rprime-2026-10-03/plan.json	b9ce7d84dd5eeb52eb121fdb254ec4f692b50bfa	yes
orig/own-20p/analyze.py	64081dded	docs/experiments/own-20p-guard-port-a11y-2026-10-03/analyze.py	a967226739f05b1c443d4a234bf0df88b77e7417	yes
orig/own-20p/harness/driver_versions.sh	64081dded	docs/experiments/own-20p-guard-port-a11y-2026-10-03/harness/driver_versions.sh	06dd66b2c85650689e8c5b43aa002ba51727c915	yes
orig/own-20p/harness/harness_common.py	64081dded	docs/experiments/own-20p-guard-port-a11y-2026-10-03/harness/harness_common.py	c3d0e05bff2f88f310fe9333547553c1c966324a	yes
orig/own-20p/harness/own20g_harness.py	64081dded	docs/experiments/own-20p-guard-port-a11y-2026-10-03/harness/own20g_harness.py	8b357c65adb56f82262ac220cae3f62a85f815fc	yes
orig/own-20p/harness/r3_harness.py	64081dded	docs/experiments/own-20p-guard-port-a11y-2026-10-03/harness/r3_harness.py	704b6ef0690df39eda992df1f0fbc6ac51342b8c	yes
orig/own-20p/harness/run_block.sh	64081dded	docs/experiments/own-20p-guard-port-a11y-2026-10-03/harness/run_block.sh	f18f32aa5cc36ae1f06ef1c582843706c9460078	yes
orig/own-20p/harness/stealer.py	64081dded	docs/experiments/own-20p-guard-port-a11y-2026-10-03/harness/stealer.py	6d0bc2d21e3e73c4cae5bd27250fe75da7d90912	yes
orig/own-20p/harness/xprobe.py	64081dded	docs/experiments/own-20p-guard-port-a11y-2026-10-03/harness/xprobe.py	f17d83691faacc9397dc4c91a1f4018622c0d75d	yes
orig/own-20p/harness/xstall_proxy.py	64081dded	docs/experiments/own-20p-guard-port-a11y-2026-10-03/harness/xstall_proxy.py	0399289be67c1255515aa006758618c0afbdb3b6	yes
orig/own-20p/locked.sh	64081dded	docs/experiments/own-20p-guard-port-a11y-2026-10-03/locked.sh	6698057ce80b26708251011782ddb207b04a3489	yes
orig/own-20p/plan.json	64081dded	docs/experiments/own-20p-guard-port-a11y-2026-10-03/plan.json	d7b812acf155b040105c70017d43a64d09580175	yes
orig/own-20p/run_all.sh	64081dded	docs/experiments/own-20p-guard-port-a11y-2026-10-03/run_all.sh	89b09592fd1be6d644ecbc22eead4408fc440f0e	yes
orig/own-20p/session_entry.sh	64081dded	docs/experiments/own-20p-guard-port-a11y-2026-10-03/session_entry.sh	f4492e1a75eac664c5f6b55c446e09965187d278	yes
orig/own-20q/analyze.py	44116546d	docs/experiments/own-20q-a11y-triggers-dialog-markfree-2026-10-03/analyze.py	f87d94343cfddffba142af4917da2e4264544ffd	yes
orig/own-20q/harness/bus_pid_helper.py	44116546d	docs/experiments/own-20q-a11y-triggers-dialog-markfree-2026-10-03/harness/bus_pid_helper.py	2adec4422bd00213526f781b75d8e4565d32b9ea	yes
orig/own-20q/harness/dlg_fixture.py	44116546d	docs/experiments/own-20q-a11y-triggers-dialog-markfree-2026-10-03/harness/dlg_fixture.py	e7143baa7fd77121c54b7e990686a5f966624bab	yes
orig/own-20q/harness/driver_versions.sh	44116546d	docs/experiments/own-20q-a11y-triggers-dialog-markfree-2026-10-03/harness/driver_versions.sh	06dd66b2c85650689e8c5b43aa002ba51727c915	yes
orig/own-20q/harness/harness_common.py	44116546d	docs/experiments/own-20q-a11y-triggers-dialog-markfree-2026-10-03/harness/harness_common.py	c3d0e05bff2f88f310fe9333547553c1c966324a	yes
orig/own-20q/harness/markfree_proxy.py	44116546d	docs/experiments/own-20q-a11y-triggers-dialog-markfree-2026-10-03/harness/markfree_proxy.py	4358d995ef3f4c938eda73ea203e0ded912fc764	yes
orig/own-20q/harness/own20g_harness.py	44116546d	docs/experiments/own-20q-a11y-triggers-dialog-markfree-2026-10-03/harness/own20g_harness.py	8b357c65adb56f82262ac220cae3f62a85f815fc	yes
orig/own-20q/harness/own20q_harness.py	44116546d	docs/experiments/own-20q-a11y-triggers-dialog-markfree-2026-10-03/harness/own20q_harness.py	d8d6ca325c977871d8abb15fa7d3f96e1ab918cf	yes
orig/own-20q/harness/q_common.py	44116546d	docs/experiments/own-20q-a11y-triggers-dialog-markfree-2026-10-03/harness/q_common.py	4ad125e1759c4afc59296714aa0333391279be9c	yes
orig/own-20q/harness/r3_harness.py	44116546d	docs/experiments/own-20q-a11y-triggers-dialog-markfree-2026-10-03/harness/r3_harness.py	704b6ef0690df39eda992df1f0fbc6ac51342b8c	yes
orig/own-20q/harness/r3q_harness.py	44116546d	docs/experiments/own-20q-a11y-triggers-dialog-markfree-2026-10-03/harness/r3q_harness.py	e5059356833a06089018eef3ea68aa71582fe8b1	yes
orig/own-20q/harness/run_block.sh	44116546d	docs/experiments/own-20q-a11y-triggers-dialog-markfree-2026-10-03/harness/run_block.sh	f18f32aa5cc36ae1f06ef1c582843706c9460078	yes
orig/own-20q/harness/stealer.py	44116546d	docs/experiments/own-20q-a11y-triggers-dialog-markfree-2026-10-03/harness/stealer.py	6d0bc2d21e3e73c4cae5bd27250fe75da7d90912	yes
orig/own-20q/harness/xprobe.py	44116546d	docs/experiments/own-20q-a11y-triggers-dialog-markfree-2026-10-03/harness/xprobe.py	f17d83691faacc9397dc4c91a1f4018622c0d75d	yes
orig/own-20q/harness/xstall_proxy.py	44116546d	docs/experiments/own-20q-a11y-triggers-dialog-markfree-2026-10-03/harness/xstall_proxy.py	0399289be67c1255515aa006758618c0afbdb3b6	yes
orig/own-20q/plan.json	44116546d	docs/experiments/own-20q-a11y-triggers-dialog-markfree-2026-10-03/plan.json	2ae00c5efeac7fa37adb96d5fa1b1f3e50d26c78	yes
orig/own-20q/run_all.sh	44116546d	docs/experiments/own-20q-a11y-triggers-dialog-markfree-2026-10-03/run_all.sh	90b113518689b38aec6bded89bba34b5e028ee6d	yes
orig/own-20q/session_entry.sh	44116546d	docs/experiments/own-20q-a11y-triggers-dialog-markfree-2026-10-03/session_entry.sh	149f2d08db0fe1ab871a9641579192d3ae3240a8	yes
