fresh-07/probe.py	docs/experiments/fresh-07-main-9a2b1d99e-2026-10-03/harness/probe.py	efd269622744565584c377fac12d19b17b9016a4	efd269622744565584c377fac12d19b17b9016a4	match
fresh-07/run_probe.sh	docs/experiments/fresh-07-main-9a2b1d99e-2026-10-03/harness/run_probe.sh	0654d155714edeae1c15b5fd2605c7e90e7d0da6	0654d155714edeae1c15b5fd2605c7e90e7d0da6	match
fresh-07/summarize_probe.py	docs/experiments/fresh-07-main-9a2b1d99e-2026-10-03/summarize_probe.py	065490408154e927fceb8faa9f25000fb55f04a0	065490408154e927fceb8faa9f25000fb55f04a0	match
fresh-07/xtree.py	docs/experiments/fresh-07-main-9a2b1d99e-2026-10-03/harness/xtree.py	669bf8eaeae141ebd15efe3bc2cf2c90b92192a8	669bf8eaeae141ebd15efe3bc2cf2c90b92192a8	match
own-20p/analyze.py	docs/experiments/fresh-07-main-9a2b1d99e-2026-10-03/orig/own-20p/analyze.py	a967226739f05b1c443d4a234bf0df88b77e7417	a967226739f05b1c443d4a234bf0df88b77e7417	match
own-20p/harness/driver_versions.sh	docs/experiments/fresh-07-main-9a2b1d99e-2026-10-03/orig/own-20p/harness/driver_versions.sh	06dd66b2c85650689e8c5b43aa002ba51727c915	06dd66b2c85650689e8c5b43aa002ba51727c915	match
own-20p/harness/harness_common.py	docs/experiments/fresh-07-main-9a2b1d99e-2026-10-03/orig/own-20p/harness/harness_common.py	c3d0e05bff2f88f310fe9333547553c1c966324a	c3d0e05bff2f88f310fe9333547553c1c966324a	match
own-20p/harness/own20g_harness.py	docs/experiments/fresh-07-main-9a2b1d99e-2026-10-03/orig/own-20p/harness/own20g_harness.py	8b357c65adb56f82262ac220cae3f62a85f815fc	8b357c65adb56f82262ac220cae3f62a85f815fc	match
own-20p/harness/r3_harness.py	docs/experiments/fresh-07-main-9a2b1d99e-2026-10-03/orig/own-20p/harness/r3_harness.py	704b6ef0690df39eda992df1f0fbc6ac51342b8c	704b6ef0690df39eda992df1f0fbc6ac51342b8c	match
own-20p/harness/run_block.sh	docs/experiments/fresh-07-main-9a2b1d99e-2026-10-03/orig/own-20p/harness/run_block.sh	f18f32aa5cc36ae1f06ef1c582843706c9460078	f18f32aa5cc36ae1f06ef1c582843706c9460078	match
own-20p/harness/stealer.py	docs/experiments/fresh-07-main-9a2b1d99e-2026-10-03/orig/own-20p/harness/stealer.py	6d0bc2d21e3e73c4cae5bd27250fe75da7d90912	6d0bc2d21e3e73c4cae5bd27250fe75da7d90912	match
own-20p/harness/xprobe.py	docs/experiments/fresh-07-main-9a2b1d99e-2026-10-03/orig/own-20p/harness/xprobe.py	f17d83691faacc9397dc4c91a1f4018622c0d75d	f17d83691faacc9397dc4c91a1f4018622c0d75d	match
own-20p/harness/xstall_proxy.py	docs/experiments/fresh-07-main-9a2b1d99e-2026-10-03/orig/own-20p/harness/xstall_proxy.py	0399289be67c1255515aa006758618c0afbdb3b6	0399289be67c1255515aa006758618c0afbdb3b6	match
own-20p/locked.sh	docs/experiments/fresh-07-main-9a2b1d99e-2026-10-03/orig/own-20p/locked.sh	6698057ce80b26708251011782ddb207b04a3489	6698057ce80b26708251011782ddb207b04a3489	match
own-20p/plan.json	docs/experiments/fresh-07-main-9a2b1d99e-2026-10-03/orig/own-20p/plan.json	d7b812acf155b040105c70017d43a64d09580175	d7b812acf155b040105c70017d43a64d09580175	match
own-20p/run_all.sh	docs/experiments/fresh-07-main-9a2b1d99e-2026-10-03/orig/own-20p/run_all.sh	89b09592fd1be6d644ecbc22eead4408fc440f0e	89b09592fd1be6d644ecbc22eead4408fc440f0e	match
own-20p/session_entry.sh	docs/experiments/fresh-07-main-9a2b1d99e-2026-10-03/orig/own-20p/session_entry.sh	f4492e1a75eac664c5f6b55c446e09965187d278	f4492e1a75eac664c5f6b55c446e09965187d278	match
own-20q/analyze.py	docs/experiments/fresh-07-main-9a2b1d99e-2026-10-03/orig/own-20q/analyze.py	f87d94343cfddffba142af4917da2e4264544ffd	f87d94343cfddffba142af4917da2e4264544ffd	match
own-20q/harness/bus_pid_helper.py	docs/experiments/fresh-07-main-9a2b1d99e-2026-10-03/orig/own-20q/harness/bus_pid_helper.py	2adec4422bd00213526f781b75d8e4565d32b9ea	2adec4422bd00213526f781b75d8e4565d32b9ea	match
own-20q/harness/dlg_fixture.py	docs/experiments/fresh-07-main-9a2b1d99e-2026-10-03/orig/own-20q/harness/dlg_fixture.py	e7143baa7fd77121c54b7e990686a5f966624bab	e7143baa7fd77121c54b7e990686a5f966624bab	match
own-20q/harness/driver_versions.sh	docs/experiments/fresh-07-main-9a2b1d99e-2026-10-03/orig/own-20q/harness/driver_versions.sh	06dd66b2c85650689e8c5b43aa002ba51727c915	06dd66b2c85650689e8c5b43aa002ba51727c915	match
own-20q/harness/harness_common.py	docs/experiments/fresh-07-main-9a2b1d99e-2026-10-03/orig/own-20q/harness/harness_common.py	c3d0e05bff2f88f310fe9333547553c1c966324a	c3d0e05bff2f88f310fe9333547553c1c966324a	match
own-20q/harness/markfree_proxy.py	docs/experiments/fresh-07-main-9a2b1d99e-2026-10-03/orig/own-20q/harness/markfree_proxy.py	4358d995ef3f4c938eda73ea203e0ded912fc764	4358d995ef3f4c938eda73ea203e0ded912fc764	match
own-20q/harness/own20g_harness.py	docs/experiments/fresh-07-main-9a2b1d99e-2026-10-03/orig/own-20q/harness/own20g_harness.py	8b357c65adb56f82262ac220cae3f62a85f815fc	8b357c65adb56f82262ac220cae3f62a85f815fc	match
own-20q/harness/own20q_harness.py	docs/experiments/fresh-07-main-9a2b1d99e-2026-10-03/orig/own-20q/harness/own20q_harness.py	d8d6ca325c977871d8abb15fa7d3f96e1ab918cf	d8d6ca325c977871d8abb15fa7d3f96e1ab918cf	match
own-20q/harness/q_common.py	docs/experiments/fresh-07-main-9a2b1d99e-2026-10-03/orig/own-20q/harness/q_common.py	4ad125e1759c4afc59296714aa0333391279be9c	4ad125e1759c4afc59296714aa0333391279be9c	match
own-20q/harness/r3_harness.py	docs/experiments/fresh-07-main-9a2b1d99e-2026-10-03/orig/own-20q/harness/r3_harness.py	704b6ef0690df39eda992df1f0fbc6ac51342b8c	704b6ef0690df39eda992df1f0fbc6ac51342b8c	match
own-20q/harness/r3q_harness.py	docs/experiments/fresh-07-main-9a2b1d99e-2026-10-03/orig/own-20q/harness/r3q_harness.py	e5059356833a06089018eef3ea68aa71582fe8b1	e5059356833a06089018eef3ea68aa71582fe8b1	match
own-20q/harness/run_block.sh	docs/experiments/fresh-07-main-9a2b1d99e-2026-10-03/orig/own-20q/harness/run_block.sh	f18f32aa5cc36ae1f06ef1c582843706c9460078	f18f32aa5cc36ae1f06ef1c582843706c9460078	match
own-20q/harness/stealer.py	docs/experiments/fresh-07-main-9a2b1d99e-2026-10-03/orig/own-20q/harness/stealer.py	6d0bc2d21e3e73c4cae5bd27250fe75da7d90912	6d0bc2d21e3e73c4cae5bd27250fe75da7d90912	match
own-20q/harness/xprobe.py	docs/experiments/fresh-07-main-9a2b1d99e-2026-10-03/orig/own-20q/harness/xprobe.py	f17d83691faacc9397dc4c91a1f4018622c0d75d	f17d83691faacc9397dc4c91a1f4018622c0d75d	match
own-20q/harness/xstall_proxy.py	docs/experiments/fresh-07-main-9a2b1d99e-2026-10-03/orig/own-20q/harness/xstall_proxy.py	0399289be67c1255515aa006758618c0afbdb3b6	0399289be67c1255515aa006758618c0afbdb3b6	match
own-20q/plan.json	docs/experiments/fresh-07-main-9a2b1d99e-2026-10-03/orig/own-20q/plan.json	2ae00c5efeac7fa37adb96d5fa1b1f3e50d26c78	2ae00c5efeac7fa37adb96d5fa1b1f3e50d26c78	match
own-20q/run_all.sh	docs/experiments/fresh-07-main-9a2b1d99e-2026-10-03/orig/own-20q/run_all.sh	90b113518689b38aec6bded89bba34b5e028ee6d	90b113518689b38aec6bded89bba34b5e028ee6d	match
own-20q/session_entry.sh	docs/experiments/fresh-07-main-9a2b1d99e-2026-10-03/orig/own-20q/session_entry.sh	149f2d08db0fe1ab871a9641579192d3ae3240a8	149f2d08db0fe1ab871a9641579192d3ae3240a8	match
