id,feature,section,requirement,primary_architecture_owner,decision_view,architecture_status,acceptance_state,packages,remap_note,scope,smallest_delta_or_test,original_candidate_owners,new_public_contract_required,recorded_architecture_decision_required
R001,F-measurement,Phase 0,Do not change runtime behavior while adding Phase-0 instrumentation.,caller,L5,owner_mapped_not_acceptance,not_requalified_this_pass,P01,"Use the existing ownership boundary; prior issue/PR links are inherited candidate homes, not fresh selections.",RFC target; exact feature qualification remains separate,"Compare calls, arguments, effects, waits and cleanup, not just timer outputs.",cua-4052 fork-1,false,false
R002,F-measurement,Phase 0,Record a monotonic whole-task root interval.,caller,L5,owner_mapped_not_acceptance,not_requalified_this_pass,P01,"Use the existing ownership boundary; prior issue/PR links are inherited candidate homes, not fresh selections.",RFC target; exact feature qualification remains separate,Keep independent completion-check time and cleanup-inclusive runner lifetime separate.,fork-1,false,false
R003,F-measurement,Phase 0,Record setup separately from warm execution.,caller,L5,owner_mapped_not_acceptance,not_requalified_this_pass,P01,"Use the existing ownership boundary; prior issue/PR links are inherited candidate homes, not fresh selections.",RFC target; exact feature qualification remains separate,Retain cold and warm arms rather than hiding startup outside the root.,fork-1,false,false
R004,F-measurement,Phase 0,Separate semantic observation and visual observation durations.,caller,L5,owner_mapped_not_acceptance,not_requalified_this_pass,P01,"Use the existing ownership boundary; prior issue/PR links are inherited candidate homes, not fresh selections.",RFC target; exact feature qualification remains separate,Reuse existing event log; no extra observations to measure observations.,cua-4052,false,false
R005,F-measurement,Phase 0,Separate candidate construction from provider decision latency.,caller,L5,owner_mapped_not_acceptance,not_requalified_this_pass,P01,"Use the existing ownership boundary; prior issue/PR links are inherited candidate homes, not fresh selections.",RFC target; exact feature qualification remains separate,Preserve existing decision_ms aggregate compatibility.,cua-4052,false,false
R006,F-measurement,Phase 0,"Record action, readiness wait, verification and reobservation separately.",caller,L5,owner_mapped_not_acceptance,not_requalified_this_pass,P01,"Use the existing ownership boundary; prior issue/PR links are inherited candidate homes, not fresh selections.",RFC target; exact feature qualification remains separate,Do not silently omit the trailing verification or screenshot path.,fork-1 C-expectation,false,false
R007,F-measurement,Phase 0,Retain an explicit residual for unexplained root time.,caller,L5,owner_mapped_not_acceptance,not_requalified_this_pass,P01,"Use the existing ownership boundary; prior issue/PR links are inherited candidate homes, not fresh selections.",RFC target; exact feature qualification remains separate,Use non-overlapping spans; never double-count nested parent and child durations.,fork-1 G0,false,false
R008,F-measurement,Phase 0,"Identify task, trial, arm and step on each relevant event.",caller,L5,owner_mapped_not_acceptance,not_requalified_this_pass,P01,"Use the existing ownership boundary; prior issue/PR links are inherited candidate homes, not fresh selections.",RFC target; exact feature qualification remains separate,Add missing identity fields locally; preserve replay linkage.,cua-4052 fork-1,false,false
R009,F-measurement,Phase 0,"Pin code, Driver, model and provider identity for comparisons.",caller,L5,owner_mapped_not_acceptance,not_requalified_this_pass,P01,"Use the existing ownership boundary; prior issue/PR links are inherited candidate homes, not fresh selections.",RFC target; exact feature qualification remains separate,An old exact-head success does not certify a changed candidate.,cua-4052 cua-3961,false,false
R010,F-measurement,Phase 0,"Record backend, decision family, rung and candidate count.",caller,L5,owner_mapped_not_acceptance,not_requalified_this_pass,P01,"Use the existing ownership boundary; prior issue/PR links are inherited candidate homes, not fresh selections.",RFC target; exact feature qualification remains separate,Unimplemented gate families must not be reported as active.,cua-4052 cua-3961,false,false
R011,F-measurement,Phase 0,Record selected candidate and exposed decision distributions.,caller,L5,owner_mapped_not_acceptance,not_requalified_this_pass,P01,"Use the existing ownership boundary; prior issue/PR links are inherited candidate homes, not fresh selections.",RFC target; exact feature qualification remains separate,Keep identity/probability evidence without recording private UI payloads unnecessarily.,cua-3961,false,false
R012,F-measurement,Phase 0,Retain a naive one-action-per-decision baseline.,caller,L5,owner_mapped_not_acceptance,not_requalified_this_pass,P01,"Use the existing ownership boundary; prior issue/PR links are inherited candidate homes, not fresh selections.",RFC target; exact feature qualification remains separate,Do not compare only two already-optimized arms.,C-recipe,false,false
R013,F-measurement,Phase 0,Interleave comparable A/B and B/A task trials.,caller,L5,owner_mapped_not_acceptance,not_requalified_this_pass,P01,"Use the existing ownership boundary; prior issue/PR links are inherited candidate homes, not fresh selections.",RFC target; exact feature qualification remains separate,Use the same task corpus; retain failed and abstained trials.,fork-1,false,false
R014,F-measurement,Phase 0,Explain more than 90 percent of completed-task root time before promotion.,caller,L5,owner_mapped_not_acceptance,not_requalified_this_pass,P01,"Use the existing ownership boundary; prior issue/PR links are inherited candidate homes, not fresh selections.",RFC target; exact feature qualification remains separate,Decision-span accounting alone is insufficient; missing task root means gate unknown.,G0 fork-1,false,false
R015,F-measurement,Phase 0,"Report success, failure and abstention alongside latency.",caller,L5,owner_mapped_not_acceptance,not_requalified_this_pass,P01,"Use the existing ownership boundary; prior issue/PR links are inherited candidate homes, not fresh selections.",RFC target; exact feature qualification remains separate,No survivor-only latency claim; preserve unsuccessful attempts in the evidence.,cua-4052 cua-3961,false,false
R016,F-rules,Phase 1A.1,"Keep exact deterministic routing in the caller, not Driver.",caller,L6,existing_boundary_documented_and_source_observed,not_requalified_this_pass,P02,"Use the existing ownership boundary; prior issue/PR links are inherited candidate homes, not fresh selections.",Provider/candidate policy outside Driver; not proof every future caller complies.,Use the existing recipe boundary; no provider-specific Driver helper.,C-recipe cua-3931,false,false
R017,F-rules,Phase 1A.1,Short-circuit when the deterministic goal postcondition already holds.,caller,L6,present_in_current_fixture_source,not_requalified_this_pass,P02,Delete the duplicate implementation task. Preserve oracle-before-snapshot exit; measure firing and effect on task time.,Current Python/TypeScript fixture oracle shortcut only; not a general model completion head.,"Keep the existing early terminal return, add only missing outcome/avoided-work evidence in the existing measurement owner.",C-recipe C-expectation,false,false
R018,F-rules,Phase 1A.1,Select a sole valid candidate only when caller policy proves execution appropriate.,caller,L6,owner_mapped_not_acceptance,not_requalified_this_pass,P02,One actionable option is not enough: prove a positive typed task precondition. Reserved abstain/reobserve can be correct; model scores do not authorize.,RFC target; exact feature qualification remains separate,"Use a goal-specific exact precondition; missing/ambiguous facts preserve abstention/fallthrough. The existing ExactRegionTextAction is a narrow example, not a shared engine.",C-recipe,false,false
R019,F-rules,Phase 1A.1,Treat an empty or invalid candidate set as abstain or reobserve.,caller,L6,partial_current_fixture_behavior,not_requalified_this_pass,P02,"Builder always appends reserved choices, so do not equate list length with executable-candidate availability. Existing branches abstain/reobserve; malformed external provider validation remains separate.",RFC target; exact feature qualification remains separate,Never manufacture a candidate to avoid a provider call.,C-recipe cua-3961,false,false
R020,F-rules,Phase 1A.1,Abstain or fall through when a local rule is uncertain.,caller,L6,owner_mapped_not_acceptance,not_requalified_this_pass,P02,One actionable option is not enough: prove a positive typed task precondition. Reserved abstain/reobserve can be correct; model scores do not authorize.,RFC target; exact feature qualification remains separate,"Use a goal-specific exact precondition; missing/ambiguous facts preserve abstention/fallthrough. The existing ExactRegionTextAction is a narrow example, not a shared engine.",C-recipe,false,false
R021,F-rules,Phase 1A.1,Tag rule-produced decisions distinctly from model-produced decisions.,caller,L6,owner_mapped_not_acceptance,not_requalified_this_pass,P02,"Use the existing ownership boundary; prior issue/PR links are inherited candidate homes, not fresh selections.",RFC target; exact feature qualification remains separate,Measure actual rule hits rather than a logged but unused classifier.,cua-4052 cua-3961,false,false
R022,F-rules,Phase 1A.1,Measure model calls avoided and completed-task latency change.,caller,L6,owner_mapped_not_acceptance,not_requalified_this_pass,P02,"Use the existing ownership boundary; prior issue/PR links are inherited candidate homes, not fresh selections.",RFC target; exact feature qualification remains separate,A rules branch must delete a provider invocation to count as a saving.,G0 C-recipe,false,false
R023,F-rules,Phase 1A.1,"Remove rules that rarely fire, regress correctness, or do not earn their cost.",caller,L6,owner_mapped_not_acceptance,not_requalified_this_pass,P02,"Use the existing ownership boundary; prior issue/PR links are inherited candidate homes, not fresh selections.",RFC target; exact feature qualification remains separate,Predeclare task corpus and removal criterion before judging success.,C-recipe,false,false
R024,F-done,Phase 1A.2,"Make accepted completion terminate the loop, not just annotate logs.",caller,L5,present_in_current_fixture_source,not_requalified_this_pass,P02,Delete the duplicate implementation task. Preserve oracle-before-snapshot exit; measure firing and effect on task time.,Current Python/TypeScript fixture oracle shortcut only; not a general model completion head.,"Keep the existing early terminal return, add only missing outcome/avoided-work evidence in the existing measurement owner.",C-recipe,false,false
R025,F-done,Phase 1A.2,Use a model completion answer as a proposal when a deterministic oracle exists.,caller,L5,owner_mapped_not_acceptance,not_requalified_this_pass,P02,General/model completion is not the existing deterministic fixture shortcut. Keep as a separately scoped caller experiment; no Driver done service.,RFC target; exact feature qualification remains separate,The independent completion oracle remains authoritative.,C-recipe C-expectation,false,false
R026,F-done,Phase 1A.2,Distinguish unanswerable evidence from a negative goal verdict.,caller,L5,owner_mapped_not_acceptance,not_requalified_this_pass,P02 P06,Split evidence domains: browser semantic content and fixture oracle are usable now; native passive observation follows its own accepted contract work. Remove a global native-blocks-browser edge.,RFC target; exact feature qualification remains separate,Missing passive display evidence must not become confident not-done.,cua-3903 cua-3915,false,false
R027,F-done,Phase 1A.2,Retain completion evidence independently from the actionable candidate projection.,caller,L5,owner_mapped_not_acceptance,not_requalified_this_pass,P02 P06,Split evidence domains: browser semantic content and fixture oracle are usable now; native passive observation follows its own accepted contract work. Remove a global native-blocks-browser edge.,RFC target; exact feature qualification remains separate,Do not erase passive result text when shrinking action candidates.,cua-3903 cua-2969,false,false
R028,F-done,Phase 1A.2,Treat no-oracle thresholds as experimental caller policy.,caller,L5,owner_mapped_not_acceptance,not_requalified_this_pass,P02,General/model completion is not the existing deterministic fixture shortcut. Keep as a separately scoped caller experiment; no Driver done service.,RFC target; exact feature qualification remains separate,Do not present a numeric threshold as calibrated correctness.,C-recipe cua-4013,false,false
R029,F-done,Phase 1A.2,Evaluate completion thresholds by decision family.,caller,L5,owner_mapped_not_acceptance,not_requalified_this_pass,P02,General/model completion is not the existing deterministic fixture shortcut. Keep as a separately scoped caller experiment; no Driver done service.,RFC target; exact feature qualification remains separate,Current provider PR removed factorized heads; prepare a separately scoped follow-up.,cua-3961,false,false
R030,F-done,Phase 1A.2,"Report completion fire rate, false positives and whole steps saved.",caller,L5,owner_mapped_not_acceptance,not_requalified_this_pass,P02,General/model completion is not the existing deterministic fixture shortcut. Keep as a separately scoped caller experiment; no Driver done service.,RFC target; exact feature qualification remains separate,Count work removed; retain cases where the gate wrongly proposes completion.,cua-4052 C-recipe,false,false
R031,F-done,Phase 1A.2,Stop retaining gates that predict but never change execution.,caller,L5,owner_mapped_not_acceptance,not_requalified_this_pass,P02,General/model completion is not the existing deterministic fixture shortcut. Keep as a separately scoped caller experiment; no Driver done service.,RFC target; exact feature qualification remains separate,Avoid adding classification latency with no branching benefit.,C-recipe,false,false
R032,F-observation,Phase 1A.3,Use the existing tree-only observation selector when semantic evidence suffices.,caller,L5,owner_mapped_not_acceptance,not_requalified_this_pass,P03,Two distinct small seams: lazy optional vision in callers; exact selector forwarding inside native verifier. The main optional-visual path already suppresses the AX producer.,Do not claim universal observation savings. Browser and native per-call paths require their own measured controls.,Reuse include_screenshot=false; benchmark the requested workload.,C-mac-observe C-recipe,false,false
R033,F-observation,Phase 1A.3,Use the existing screenshot-only selector when pixels suffice.,caller,L5,partial_present_plus_verified_projection_gap,not_requalified_this_pass,P03 P04,Caller optional_visual_observation already sets include_accessibility_tree=false. The verifier provider does not pass that selector on its final image-only request.,Do not claim universal observation savings. Browser and native per-call paths require their own measured controls.,Extend existing ToolObservationProvider selector forwarding; measure producer work and preserve _observation_only. Caller lazy vision is separate.,C-mac-observe C-recipe,false,false
R034,F-observation,Phase 1A.3,Keep both modalities when cross-modal grounding is required.,caller,L5,owner_mapped_not_acceptance,not_requalified_this_pass,P03,Two distinct small seams: lazy optional vision in callers; exact selector forwarding inside native verifier. The main optional-visual path already suppresses the AX producer.,Do not claim universal observation savings. Browser and native per-call paths require their own measured controls.,Do not trade away decision-relevant evidence for a faster microbenchmark.,C-mac-observe C-recipe,false,false
R035,F-observation,Phase 1A.3,Record requested modality frequencies and individual costs.,caller,L5,owner_mapped_not_acceptance,not_requalified_this_pass,P03,Two distinct small seams: lazy optional vision in callers; exact selector forwarding inside native verifier. The main optional-visual path already suppresses the AX producer.,Do not claim universal observation savings. Browser and native per-call paths require their own measured controls.,Distinguish producer work eliminated from smaller serialized output.,cua-4052,false,false
R036,F-observation,Phase 1A.3,Keep projection choices caller-owned and defaults unchanged in Phase 1A.,caller,L5,owner_mapped_not_acceptance,not_requalified_this_pass,P03,Two distinct small seams: lazy optional vision in callers; exact selector forwarding inside native verifier. The main optional-visual path already suppresses the AX producer.,Do not claim universal observation savings. Browser and native per-call paths require their own measured controls.,"A compact-by-default screenshot change is a separate decision, not a prerequisite.",cua-3931 cua-2969,false,false
R037,F-observation,Phase 1A.3,"Preserve exact target, coordinate and capture bindings under projection.",contract,L3,owner_mapped_not_acceptance,not_requalified_this_pass,P03 P04,Carry exact native/browser/image binding under the installed schema. Generated SDK portability is a subset; unsupported options must not silently change semantics.,RFC target; exact feature qualification remains separate,Do not invent pixel geometry from omitted or stale data.,C-capture cua-3942,false,false
R038,F-observation,Phase 1A.3,Honor the installed supported input contract and explicit platform limitations.,contract,L3,owner_mapped_not_acceptance,not_requalified_this_pass,P03,Carry exact native/browser/image binding under the installed schema. Generated SDK portability is a subset; unsupported options must not silently change semantics.,RFC target; exact feature qualification remains separate,Do not accept a semantic option then silently ignore it on another platform.,C-mac-observe cua-2512,false,false
R039,F-observation,Phase 1A.3,"Retain explicit incompleteness for capped, filtered or unreadable observations.",walk-budget,L5,existing_mechanisms_scoped,not_requalified_this_pass,P03 P05,Use WalkOutcome for native truncation and semantic_v2 coverage for browser scope. Shared words do not make the evidence domains identical.,RFC target; exact feature qualification remains separate,Reduced traversal must not imply exhaustive absence.,C-walk-budget cua-3787 cua-3903,false,false
R040,F-observation,Phase 1A.3,Prove an omitted producer operation actually does not run.,caller,L5,owner_mapped_not_acceptance,not_requalified_this_pass,P03 P04,Two distinct small seams: lazy optional vision in callers; exact selector forwarding inside native verifier. The main optional-visual path already suppresses the AX producer.,Do not claim universal observation savings. Browser and native per-call paths require their own measured controls.,"Audit optional verification screenshots, which currently still omit the AX-skip argument.",C-expectation C-mac-observe,false,false
R041,F-observation,Phase 1A.3,Measure observation savings end to end on representative workloads.,caller,L5,owner_mapped_not_acceptance,not_requalified_this_pass,P03,Two distinct small seams: lazy optional vision in callers; exact selector forwarding inside native verifier. The main optional-visual path already suppresses the AX producer.,Do not claim universal observation savings. Browser and native per-call paths require their own measured controls.,Cheap AX on one fixture does not make all observation optimization pointless.,cua-3906 cua-3882 cua-1757,false,false
R042,F-verification,Phase 1A.4–5,Construct each executable candidate with its expected postcondition.,caller,L6,owner_mapped_not_acceptance,not_requalified_this_pass,P06,Compile candidate expectations in the caller. Reuse native verify_state only for expressible native predicates; keep the browser application oracle independent.,RFC target; exact feature qualification remains separate,Use caller-owned action plus expect and snapshot binding; do not ask the model to invent verification.,C-recipe,false,false
R043,F-verification,Phase 1A.4–5,Compile postconditions before dispatch rather than after the mutation.,caller,L6,owner_mapped_not_acceptance,not_requalified_this_pass,P06,Compile candidate expectations in the caller. Reuse native verify_state only for expressible native predicates; keep the browser application oracle independent.,RFC target; exact feature qualification remains separate,Reject missing or unsupported verification requirements before admitting a guarded run.,C-recipe cua-2794,false,false
R044,F-verification,Phase 1A.4–5,Reuse shared verify_state instead of adding another predicate engine.,verify-tool,L6,existing_native_implementation_scoped,not_requalified_this_pass,P04,Existing native verification owns tri-state sampling and _observation_only. No new predicate engine; the private flag is not a public action shortcut.,RFC target; exact feature qualification remains separate,Extend the same observation provider only where its contract supports the evidence.,C-expectation cua-3903,false,false
R045,F-verification,Phase 1A.4–5,Use bounded predicate waits instead of unconditional sleep-and-assume.,verify-tool,L6,owner_mapped_not_acceptance,not_requalified_this_pass,P05,"A sleep interval, predicate polling deadline, native setup budget and job lifetime are different. Preserve current application oracle and agree on timing meaning before changing it.",RFC target; exact feature qualification remains separate,Measure verification cost; do not add another wait on top of an existing equivalent wait.,C-expectation,false,false
R046,F-verification,Phase 1A.4–5,"Preserve satisfied, unsatisfied and unknown as distinct outcomes.",verify-tool,L6,existing_native_implementation_scoped,not_requalified_this_pass,P06,Existing native verification owns tri-state sampling and _observation_only. No new predicate engine; the private flag is not a public action shortcut.,RFC target; exact feature qualification remains separate,Current element.exists=false is explicitly unsupported; do not compile it as available.,C-expectation cua-4009,false,false
R047,F-verification,Phase 1A.4–5,"Treat timeout, ambiguity and unknown as reobserve or escalation, never success.",verify-tool,L6,owner_mapped_not_acceptance,not_requalified_this_pass,P05,"A sleep interval, predicate polling deadline, native setup budget and job lifetime are different. Preserve current application oracle and agree on timing meaning before changing it.",RFC target; exact feature qualification remains separate,"Use exact refusal/outcome assertions, not merely a false boolean.",C-expectation cua-3903,false,false
R048,F-verification,Phase 1A.4–5,Do not automatically retry a mutation after inconclusive verification.,verify-tool,L6,owner_mapped_not_acceptance,not_requalified_this_pass,P06,"Use the existing ownership boundary; prior issue/PR links are inherited candidate homes, not fresh selections.",RFC target; exact feature qualification remains separate,Delivered-but-unverified is not safely retryable.,cua-4009 cua-3623,false,false
R049,F-verification,Phase 1A.4–5,Preserve action-token/cache lifetime during read-only verification.,verify-tool,L6,existing_native_implementation_scoped,not_requalified_this_pass,P04,Existing native verification owns tri-state sampling and _observation_only. No new predicate engine; the private flag is not a public action shortcut.,RFC target; exact feature qualification remains separate,Retain the internal observation-only path rather than publishing a replacement action snapshot.,C-expectation cua-3473,false,false
R050,F-verification,Phase 1A.4–5,"Report satisfied, timeout, unknown and wait duration by postcondition.",verify-tool,L6,owner_mapped_not_acceptance,not_requalified_this_pass,P04 P05,"A sleep interval, predicate polling deadline, native setup budget and job lifetime are different. Preserve current application oracle and agree on timing meaning before changing it.",RFC target; exact feature qualification remains separate,Keep native observation time and caller wait time distinguishable.,cua-4052 C-expectation,false,false
R051,F-verification,Phase 1A.4–5,Keep the simpler strategy where predicate waits are slower without benefit.,verify-tool,L6,owner_mapped_not_acceptance,not_requalified_this_pass,P05,"A sleep interval, predicate polling deadline, native setup budget and job lifetime are different. Preserve current application oracle and agree on timing meaning before changing it.",RFC target; exact feature qualification remains separate,Benchmark actual completed tasks; no mandatory new SettlePolicy abstraction.,C-expectation,false,false
R052,F-guarded,Phase 1B,Obtain explicit approval to relax the one-frame/one-action recipe rule.,contract,L3,recorded_decision_required,not_requalified_this_pass,P07,Do not treat overlap or a tiny diff as approval; existing accepted boundaries constrain the proposed extension.,RFC target; exact feature qualification remains separate,Recipe-local does not mean exempt from an accepted execution invariant.,G-guarded cua-3931,false,true
R053,F-guarded,Phase 1B,Let the caller construct complete bounded runs and expose only run IDs.,caller,L5,owner_mapped_not_acceptance,not_requalified_this_pass,P07,Caller run experiment and Driver desktop composition are separate. A later action needs fresh proven prerequisites; a consumed capture cannot be reused. Acceptance awaits the appropriate decision/evidence.,RFC target; exact feature qualification remains separate,No free-form model-generated action program.,C-recipe cua-2794,false,true
R054,F-guarded,Phase 1B,Start with a small 2–4 action experimental cap.,caller,L5,owner_mapped_not_acceptance,not_requalified_this_pass,P07,Caller run experiment and Driver desktop composition are separate. A later action needs fresh proven prerequisites; a consumed capture cannot be reused. Acceptance awaits the appropriate decision/evidence.,RFC target; exact feature qualification remains separate,Do not inherit a historical 32-action public-composite cap as the optimum.,C-recipe,false,true
R055,F-guarded,Phase 1B,Allow at most one action to use the originating observation directly.,caller,L5,owner_mapped_not_acceptance,not_requalified_this_pass,P07,Caller run experiment and Driver desktop composition are separate. A later action needs fresh proven prerequisites; a consumed capture cannot be reused. Acceptance awaits the appropriate decision/evidence.,RFC target; exact feature qualification remains separate,Later snapshot-bound targets require fresh resolution.,G-guarded C-recipe,false,true
R056,F-guarded,Phase 1B,Re-establish every later action prerequisite after the preceding mutation.,caller,L5,owner_mapped_not_acceptance,not_requalified_this_pass,P07,Caller run experiment and Driver desktop composition are separate. A later action needs fresh proven prerequisites; a consumed capture cannot be reused. Acceptance awaits the appropriate decision/evidence.,RFC target; exact feature qualification remains separate,State-invariance must be proven; stable native-handle lifetime alone is insufficient.,C-recipe C-expectation,false,true
R057,F-guarded,Phase 1B,"Validate, authorize and execute each child through existing mechanisms.",caller,L5,owner_mapped_not_acceptance,not_requalified_this_pass,P07,Caller run experiment and Driver desktop composition are separate. A later action needs fresh proven prerequisites; a consumed capture cannot be reused. Acceptance awaits the appropriate decision/evidence.,RFC target; exact feature qualification remains separate,A batch wrapper cannot grant authority or bypass child validation.,C-tool cua-2794,false,true
R058,F-guarded,Phase 1B,Verify each declared postcondition before continuing the run.,caller,L5,owner_mapped_not_acceptance,not_requalified_this_pass,P07,Caller run experiment and Driver desktop composition are separate. A later action needs fresh proven prerequisites; a consumed capture cannot be reused. Acceptance awaits the appropriate decision/evidence.,RFC target; exact feature qualification remains separate,Successful tool return alone is not a satisfied dependency.,C-expectation cua-2794,false,true
R059,F-guarded,Phase 1B,"Stop the remaining run on the first unmet, unknown, stale or ambiguous dependency.",caller,L5,owner_mapped_not_acceptance,not_requalified_this_pass,P07,Caller run experiment and Driver desktop composition are separate. A later action needs fresh proven prerequisites; a consumed capture cannot be reused. Acceptance awaits the appropriate decision/evidence.,RFC target; exact feature qualification remains separate,Retain already-executed partial effects; no fabricated rollback.,cua-2794 C-recipe,false,true
R060,F-guarded,Phase 1B,Keep guarded-run behavior opt-in until accepted evidence exists.,contract,L3,recorded_decision_required,not_requalified_this_pass,P07,Do not treat overlap or a tiny diff as approval; existing accepted boundaries constrain the proposed extension.,RFC target; exact feature qualification remains separate,Default remains the conservative single-action loop.,G-guarded C-recipe,false,true
R061,F-guarded,Phase 1B,"Measure run lengths, early stops, postcondition failures and stale incidents.",caller,L5,owner_mapped_not_acceptance,not_requalified_this_pass,P07,Caller run experiment and Driver desktop composition are separate. A later action needs fresh proven prerequisites; a consumed capture cannot be reused. Acceptance awaits the appropriate decision/evidence.,RFC target; exact feature qualification remains separate,Count Driver actions separately from model decisions.,cua-4052 C-recipe,false,true
R062,F-guarded,Phase 1B,Require fewer decisions and lower completed-task latency without correctness regression.,caller,L5,owner_mapped_not_acceptance,not_requalified_this_pass,P07,Caller run experiment and Driver desktop composition are separate. A later action needs fresh proven prerequisites; a consumed capture cannot be reused. Acceptance awaits the appropriate decision/evidence.,RFC target; exact feature qualification remains separate,One stale-action incident fails the candidate; mostly single-action runs may not justify batching.,G0 G-native,false,true
R063,F-guarded,Phase 1B,Keep desktop composites and browser recipe runs distinct unless scope is explicitly extended.,caller,L5,owner_mapped_not_acceptance,not_requalified_this_pass,P07,Caller run experiment and Driver desktop composition are separate. A later action needs fresh proven prerequisites; a consumed capture cannot be reused. Acceptance awaits the appropriate decision/evidence.,RFC target; exact feature qualification remains separate,The existing desktop-composite proposal excludes browser child tools; it cannot directly host the DOM recipe.,cua-2794 C-browser,false,true
R064,F-shadow,Phase 2A,Obtain a recorded decision on shadow research and its ownership boundary.,contract,L3,recorded_decision_required,not_requalified_this_pass,P08,Do not treat overlap or a tiny diff as approval; existing accepted boundaries constrain the proposed extension.,RFC target; exact feature qualification remains separate,Do not smuggle historical snapshots into a consolidation RFC that explicitly defers them.,G-shadow cua-3473,false,true
R065,F-shadow,Phase 2A,Continue taking fresh observations during shadow-state research.,browser-store,L4,owner_mapped_not_acceptance,not_requalified_this_pass,P08,"Partition native snapshot, browser document and immutable image owners. Shadow diagnostics never become action authority or proof that a future observation can be skipped.",RFC target; exact feature qualification remains separate,Reconciliation must not suppress a capture in Phase 2A.,G-shadow C-capture,false,true
R066,F-shadow,Phase 2A,Bind identities using exact native/lifecycle evidence or guaranteed browser identity.,browser-store,L4,owner_mapped_not_acceptance,not_requalified_this_pass,P08,"Partition native snapshot, browser document and immutable image owners. Shadow diagnostics never become action authority or proof that a future observation can be skipped.",RFC target; exact feature qualification remains separate,Names and approximate positions alone are not identity.,C-element-cache C-browser,false,true
R067,F-shadow,Phase 2A,Abstain on ambiguous identity instead of guessing a match.,browser-store,L4,owner_mapped_not_acceptance,not_requalified_this_pass,P08,"Partition native snapshot, browser document and immutable image owners. Shadow diagnostics never become action authority or proof that a future observation can be skipped.",RFC target; exact feature qualification remains separate,Retained native references still need target freshness checks.,cua-3873 C-element-cache,false,true
R068,F-shadow,Phase 2A,"Record revisions and retained, added, removed and ambiguous identities.",browser-store,L4,owner_mapped_not_acceptance,not_requalified_this_pass,P08,"Partition native snapshot, browser document and immutable image owners. Shadow diagnostics never become action authority or proof that a future observation can be skipped.",RFC target; exact feature qualification remains separate,Use research diagnostics first; no second authoritative state registry.,G-shadow cua-4052,false,true
R069,F-shadow,Phase 2A,"Record changed fields, invalidation source and reconciliation duration.",browser-store,L4,owner_mapped_not_acceptance,not_requalified_this_pass,P08,"Partition native snapshot, browser document and immutable image owners. Shadow diagnostics never become action authority or proof that a future observation can be skipped.",RFC target; exact feature qualification remains separate,Comparison results must retain their source observation identity.,G-shadow C-capture,false,true
R070,F-shadow,Phase 2A,Share reconciliation only where cross-platform evidence semantics truly match.,browser-store,L4,owner_mapped_not_acceptance,not_requalified_this_pass,P08,"Partition native snapshot, browser document and immutable image owners. Shadow diagnostics never become action authority or proof that a future observation can be skipped.",RFC target; exact feature qualification remains separate,"Keep AX, UIA and AT-SPI native retain/release details in adapters.",cua-3473 cua-3931,false,true
R071,F-shadow,Phase 2A,"Measure identity retention, ambiguity and application churn on real targets.",browser-store,L4,owner_mapped_not_acceptance,not_requalified_this_pass,P08,"Partition native snapshot, browser document and immutable image owners. Shadow diagnostics never become action authority or proof that a future observation can be skipped.",RFC target; exact feature qualification remains separate,Controlled models do not establish native identity stability.,G-native G-shadow,false,true
R072,F-shadow,Phase 2A,Stop when reconciliation approaches observation cost or useful retention vanishes.,browser-store,L4,owner_mapped_not_acceptance,not_requalified_this_pass,P08,"Partition native snapshot, browser document and immutable image owners. Shadow diagnostics never become action authority or proof that a future observation can be skipped.",RFC target; exact feature qualification remains separate,Retention is not valuable merely because a cache hit counter increases.,G-shadow,false,true
R073,F-shadow,Phase 2A,Reject any false binding that could authorize an incorrect mutation.,browser-store,L4,owner_mapped_not_acceptance,not_requalified_this_pass,P08,"Partition native snapshot, browser document and immutable image owners. Shadow diagnostics never become action authority or proof that a future observation can be skipped.",RFC target; exact feature qualification remains separate,No speed claim overrides this safety gate.,G-shadow cua-3473,false,true
R074,F-conditional,Phase 2B,Require useful shadow identity results before conditional-observation promotion.,browser-store,L3,owner_mapped_not_acceptance,not_requalified_this_pass,P09,"Use the existing ownership boundary; prior issue/PR links are inherited candidate homes, not fresh selections.",RFC target; exact feature qualification remains separate,"This is a research/acceptance dependency, not proof an existing snapshot PR implements it.",F-shadow G-conditional,true,true
R075,F-conditional,Phase 2B,Require positive evidence that relevant state has not changed.,browser-store,L3,owner_mapped_not_acceptance,not_requalified_this_pass,P09,Existing browser document/liveness checks are not proof all requested semantic/visual fields stayed unchanged. Keep fresh read default and distinct not-modified response until a new guarantee is proven.,RFC target; exact feature qualification remains separate,Two equal past captures cannot justify skipping the next capture.,G-conditional C-capture,true,true
R076,F-conditional,Phase 2B,Define browser navigation and document invalidation guarantees.,browser-store,L3,owner_mapped_not_acceptance,not_requalified_this_pass,P09,Existing browser document/liveness checks are not proof all requested semantic/visual fields stayed unchanged. Keep fresh read default and distinct not-modified response until a new guarantee is proven.,RFC target; exact feature qualification remains separate,"Recycled refs, reconnection and document changes must invalidate relevant evidence.",C-browser G-conditional,true,true
R077,F-conditional,Phase 2B,Define macOS AX/window/process invalidation guarantees.,platform,L3,platform_evidence_gap,not_requalified_this_pass,P09,This rescan did not audit native event completeness. Platform-specific positive invalidation proof is still required; no portable guarantee inferred.,RFC target; exact feature qualification remains separate,"A stale-list report is diagnostic evidence, not an accepted invalidation implementation.",G-conditional cua-4038 cua-4039,true,true
R078,F-conditional,Phase 2B,Define Windows UIA/window invalidation guarantees.,platform,L3,platform_evidence_gap,not_requalified_this_pass,P09,This rescan did not audit native event completeness. Platform-specific positive invalidation proof is still required; no portable guarantee inferred.,RFC target; exact feature qualification remains separate,No trustworthy native coverage is established by this scan.,G-conditional,true,true
R079,F-conditional,Phase 2B,Define Linux AT-SPI/window invalidation guarantees and limitations.,platform,L3,platform_evidence_gap,not_requalified_this_pass,P09,This rescan did not audit native event completeness. Platform-specific positive invalidation proof is still required; no portable guarantee inferred.,RFC target; exact feature qualification remains separate,X11/Wayland provider differences remain explicit.,G-conditional cua-3882,true,true
R080,F-conditional,Phase 2B,Include Driver-owned mutations and target lifecycle changes in invalidation.,browser-store,L3,owner_mapped_not_acceptance,not_requalified_this_pass,P09,Existing browser document/liveness checks are not proof all requested semantic/visual fields stayed unchanged. Keep fresh read default and distinct not-modified response until a new guarantee is proven.,RFC target; exact feature qualification remains separate,Event-source health and missing-event uncertainty cannot be treated as unchanged.,C-tool C-capture,true,true
R081,F-conditional,Phase 2B,Return explicit not-modified versus freshly observed outcomes.,browser-store,L3,owner_mapped_not_acceptance,not_requalified_this_pass,P09,Existing browser document/liveness checks are not proof all requested semantic/visual fields stayed unchanged. Keep fresh read default and distinct not-modified response until a new guarantee is proven.,RFC target; exact feature qualification remains separate,Do not return an old capture_id as though new pixels were captured.,G-conditional,true,true
R082,F-conditional,Phase 2B,Use current fresh observation when a platform cannot prove unchanged state.,browser-store,L3,owner_mapped_not_acceptance,not_requalified_this_pass,P09,Existing browser document/liveness checks are not proof all requested semantic/visual fields stayed unchanged. Keep fresh read default and distinct not-modified response until a new guarantee is proven.,RFC target; exact feature qualification remains separate,Support may differ; absence of a signal is not a fresh-state proof.,G-conditional cua-2512,true,true
R083,F-conditional,Phase 2B,"Measure hit rate, fallbacks, events, false hits, savings and maintenance overhead.",browser-store,L3,owner_mapped_not_acceptance,not_requalified_this_pass,P09,"Use the existing ownership boundary; prior issue/PR links are inherited candidate homes, not fresh selections.",RFC target; exact feature qualification remains separate,A hit that widens stale authority fails the experiment immediately.,G-conditional cua-4052,true,true
R084,F-conditional,Phase 2B,Stop if hits are negligible or invalidation upkeep costs about as much as observing.,browser-store,L3,owner_mapped_not_acceptance,not_requalified_this_pass,P09,"Use the existing ownership boundary; prior issue/PR links are inherited candidate homes, not fresh selections.",RFC target; exact feature qualification remains separate,Do not preserve state machinery merely to satisfy the roadmap.,G-conditional,true,true
R085,F-conditional,Phase 2B,Keep conditional observation opt-in with separate public-contract approval.,contract,L3,recorded_decision_required,not_requalified_this_pass,P09,Do not treat overlap or a tiny diff as approval; existing accepted boundaries constrain the proposed extension.,RFC target; exact feature qualification remains separate,Fallback/rollback remains fresh observe plus one validated action.,G-conditional cua-3931,true,true
R086,F-calibration,"Confidence, calibration, and replay","Do not assume a probability in [0,1] is calibrated.",caller,L6,owner_mapped_not_acceptance,not_requalified_this_pass,P10,The optional chooser already has a bounded model-neutral result plus narrow typed guard; response schemas and candidate limits differ. Calibrate outside Driver; not a drop-in replacement or provider-PR scope expansion.,RFC target; exact feature qualification remains separate,Syntactic validation is distinct from empirical decision quality.,cua-3961,false,false
R087,F-calibration,"Confidence, calibration, and replay",Preserve available full score distributions.,caller,L6,owner_mapped_not_acceptance,not_requalified_this_pass,P10,The optional chooser already has a bounded model-neutral result plus narrow typed guard; response schemas and candidate limits differ. Calibrate outside Driver; not a drop-in replacement or provider-PR scope expansion.,RFC target; exact feature qualification remains separate,Record backend-specific availability explicitly rather than inventing missing scores.,cua-3961,false,false
R088,F-calibration,"Confidence, calibration, and replay",Tag decision family and backend for replay and analysis.,caller,L6,owner_mapped_not_acceptance,not_requalified_this_pass,P10,The optional chooser already has a bounded model-neutral result plus narrow typed guard; response schemas and candidate limits differ. Calibrate outside Driver; not a drop-in replacement or provider-PR scope expansion.,RFC target; exact feature qualification remains separate,"Selection, completion and reobserve must not share an unlabelled confidence field.",cua-4052 cua-3961,false,false
R089,F-calibration,"Confidence, calibration, and replay",Evaluate thresholds independently by decision family.,caller,L6,owner_mapped_not_acceptance,not_requalified_this_pass,P10,The optional chooser already has a bounded model-neutral result plus narrow typed guard; response schemas and candidate limits differ. Calibrate outside Driver; not a drop-in replacement or provider-PR scope expansion.,RFC target; exact feature qualification remains separate,A universal threshold is out of scope.,C-recipe cua-4013,false,false
R090,F-calibration,"Confidence, calibration, and replay","Report coverage, false positives, false negatives, latency and task outcomes.",caller,L6,owner_mapped_not_acceptance,not_requalified_this_pass,P10,The optional chooser already has a bounded model-neutral result plus narrow typed guard; response schemas and candidate limits differ. Calibrate outside Driver; not a drop-in replacement or provider-PR scope expansion.,RFC target; exact feature qualification remains separate,Validation must include confident but inappropriate choices and missing evidence.,C-recipe,false,false
R091,F-calibration,"Confidence, calibration, and replay",Retain enough controlled-fixture decision evidence for policy replay.,caller,L6,owner_mapped_not_acceptance,not_requalified_this_pass,P10,The optional chooser already has a bounded model-neutral result plus narrow typed guard; response schemas and candidate limits differ. Calibrate outside Driver; not a drop-in replacement or provider-PR scope expansion.,RFC target; exact feature qualification remains separate,Do not turn raw private desktop histories into public benchmark artifacts.,C-recipe,false,false
R092,F-calibration,"Confidence, calibration, and replay",Keep calibration and provider policy outside Driver.,caller,L6,owner_mapped_not_acceptance,not_requalified_this_pass,P10,The optional chooser already has a bounded model-neutral result plus narrow typed guard; response schemas and candidate limits differ. Calibrate outside Driver; not a drop-in replacement or provider-PR scope expansion.,RFC target; exact feature qualification remains separate,Any shared calibration helper requires independent repeated use first.,cua-3931,false,false
R093,F-calibration,"Confidence, calibration, and replay",Do not make optional planner-handoff routing a prerequisite for exact local rules.,caller,L6,owner_mapped_not_acceptance,not_requalified_this_pass,P10,The optional chooser already has a bounded model-neutral result plus narrow typed guard; response schemas and candidate limits differ. Calibrate outside Driver; not a drop-in replacement or provider-PR scope expansion.,RFC target; exact feature qualification remains separate,A separate route classifier must earn the extra latency it adds.,cua-4013 cua-4014,false,false
R094,F-extraction,Phase 3,Wait for the same mechanism and contract in multiple independent consumers.,core,L4,owner_mapped_not_acceptance,not_requalified_this_pass,P12,"Use the existing ownership boundary; prior issue/PR links are inherited candidate homes, not fresh selections.",RFC target; exact feature qualification remains separate,Two languages of one recipe are not automatically two independent harness designs.,G-extract,false,false
R095,F-extraction,Phase 3,"Extract the smallest repeated mechanism, not a generic agent scheduler.",core,L4,owner_mapped_not_acceptance,not_requalified_this_pass,P12,Prefer existing owners. capture_runtime is only a facade; two language ports are one consumer. Extract only when semantics and independent consumer evidence match.,RFC target; exact feature qualification remains separate,"Keep goals, planning, confidence and fallback above Driver.",G-extract cua-2447,false,false
R096,F-extraction,Phase 3,Reuse existing ownership before inventing a new state/runtime wrapper.,core,L4,owner_mapped_not_acceptance,not_requalified_this_pass,P12,Prefer existing owners. capture_runtime is only a facade; two language ports are one consumer. Extract only when semantics and independent consumer evidence match.,RFC target; exact feature qualification remains separate,Identify which owner remains and which redundant path disappears.,cua-3473 C-expectation,false,false
R097,F-extraction,Phase 3,Consider prepared-action/postcondition reuse only after real repeated demand.,core,L4,owner_mapped_not_acceptance,not_requalified_this_pass,P12,Prefer existing owners. capture_runtime is only a facade; two language ports are one consumer. Extract only when semantics and independent consumer evidence match.,RFC target; exact feature qualification remains separate,Do not turn one speculative candidate type into a public API prematurely.,G-extract C-recipe,false,false
R098,F-extraction,Phase 3,Consider shared telemetry or revision primitives only when their consumers agree.,core,L4,owner_mapped_not_acceptance,not_requalified_this_pass,P12,Prefer existing owners. capture_runtime is only a facade; two language ports are one consumer. Extract only when semantics and independent consumer evidence match.,RFC target; exact feature qualification remains separate,Generated cross-component contract changes still require the RFC process.,G-extract cua-2512,false,false
R099,F-extraction,Phase 3,Preserve independent rollout and rollback of each extracted mechanism.,core,L4,owner_mapped_not_acceptance,not_requalified_this_pass,P12,"Use the existing ownership boundary; prior issue/PR links are inherited candidate homes, not fresh selections.",RFC target; exact feature qualification remains separate,Keep reversibility without retaining two authoritative implementations.,G-extract G-native,false,false
R100,F-safety,Safety invariants,"Keep decision providers, credentials and model selection above Driver.",registry,L3,existing_boundary_documented_and_source_observed,not_requalified_this_pass,P10,"Use the existing ownership boundary; prior issue/PR links are inherited candidate homes, not fresh selections.",Provider/candidate policy outside Driver; not proof every future caller complies.,No in-Driver Jev revival.,cua-3931,false,false
R101,F-safety,Safety invariants,Restrict model authority to caller-constructed bounded candidate IDs.,registry,L3,owner_mapped_not_acceptance,not_requalified_this_pass,P10,"Use the existing ownership boundary; prior issue/PR links are inherited candidate homes, not fresh selections.",RFC target; exact feature qualification remains separate,"The model cannot invent tool names, arguments, coordinates, targets or delivery modes.",cua-3961 cua-3931,false,false
R102,F-safety,Safety invariants,Fail closed on unknown or stale candidate IDs.,registry,L3,owner_mapped_not_acceptance,not_requalified_this_pass,P10,"Unknown effect and retained identity do not authorize replay. Model choice, request authority, native lifetime and capture validity remain separate.",RFC target; exact feature qualification remains separate,Preserve the existing validation and skip envelope across optimizations.,cua-3961 C-tool,false,false
R103,F-safety,Safety invariants,Never replay an ambiguously delivered mutation automatically.,registry,L3,owner_mapped_not_acceptance,not_requalified_this_pass,P11,"Unknown effect and retained identity do not authorize replay. Model choice, request authority, native lifetime and capture validity remain separate.",RFC target; exact feature qualification remains separate,Retain partial progress and require new evidence before a new decision.,cua-4009 cua-3623,false,false
R104,F-safety,Safety invariants,Keep authorization distinct from snapshot or native-handle lifetime.,registry,L3,owner_mapped_not_acceptance,not_requalified_this_pass,P08 P11,"Unknown effect and retained identity do not authorize replay. Model choice, request authority, native lifetime and capture validity remain separate.",RFC target; exact feature qualification remains separate,A retained lease cannot resurrect revoked authority or prove target freshness.,cua-3473 C-tool,false,false
R105,F-safety,Safety invariants,Keep untrusted or incomplete observations distinct from complete negative evidence.,predicate-truth,L3,owner_mapped_not_acceptance,not_requalified_this_pass,P06,Incomplete observation cannot justify complete negative evidence. Native element.exists=false is explicitly rejected in the inspected implementation.,RFC target; exact feature qualification remains separate,No false absence inference from projected or missing data.,cua-3903 C-expectation,false,false
R106,F-safety,Safety invariants,Preserve ownership of admitted native work until it really exits.,native-permit,L3,existing_lifetime_mechanism_not_full_cancellation_qualification,not_requalified_this_pass,P05 P11,"SingleFlight already pins capacity to blocking-work lifetime; preserve it. Cooperative cancellation and transport teardown must compose with that owner, not replace it.",RFC target; exact feature qualification remains separate,A cancelled waiter is not proof the native worker stopped; no early permit release.,C-single-flight cua-3796,false,false
R107,F-safety,Safety invariants,Compose run cancellation with existing operation lifetime rather than a second scheduler.,native-permit,L3,existing_lifetime_mechanism_not_full_cancellation_qualification,not_requalified_this_pass,P11,"SingleFlight already pins capacity to blocking-work lifetime; preserve it. Cooperative cancellation and transport teardown must compose with that owner, not replace it.",RFC target; exact feature qualification remains separate,Transport request identity and held-input cleanup remain explicit design gates.,cua-3796 C-single-flight,false,false
R108,F-safety,Safety invariants,"Publish truthful execution, observation and application-outcome facts separately.",action-facts,L3,owner_mapped_not_acceptance,not_requalified_this_pass,P06,"ActionResult, predicate result, oracle completion and cleanup outcome remain separate. Do not collapse skipped observation into no_change.",RFC target; exact feature qualification remains separate,Skipped check is not no-change; topology change must not overwrite actuator escalation.,cua-4009 cua-3373,false,false
R109,F-rollout,Benchmark design / gates / rollout,Use the same task corpus for baseline and optimized arms.,test-owner,L1,owner_mapped_not_acceptance,not_requalified_this_pass,P01,"Use the existing ownership boundary; prior issue/PR links are inherited candidate homes, not fresh selections.",RFC target; exact feature qualification remains separate,Retain task identity and independent outcome checks.,G0 C-recipe,false,false
R110,F-rollout,Benchmark design / gates / rollout,"Report completed-task wall time, medians, justified tails and correctness.",test-owner,L1,owner_mapped_not_acceptance,not_requalified_this_pass,P01,"Use the existing ownership boundary; prior issue/PR links are inherited candidate homes, not fresh selections.",RFC target; exact feature qualification remains separate,Do not report extreme percentiles from a tiny fixture sample.,G0 cua-4012,false,false
R111,F-rollout,Benchmark design / gates / rollout,Keep failures and abstentions in the comparison evidence.,test-owner,L1,owner_mapped_not_acceptance,not_requalified_this_pass,P01,"Use the existing ownership boundary; prior issue/PR links are inherited candidate homes, not fresh selections.",RFC target; exact feature qualification remains separate,Do not hide cost by reporting successful runs only.,G0 cua-3961,false,false
R112,F-rollout,Benchmark design / gates / rollout,Ship Phase 0 and Phase 1A as separately reversible recipe changes.,test-owner,L1,owner_mapped_not_acceptance,not_requalified_this_pass,P12,"Use the existing ownership boundary; prior issue/PR links are inherited candidate homes, not fresh selections.",RFC target; exact feature qualification remains separate,Telemetry need not semantically depend on backend-generalization PR merge order.,cua-4052 C-recipe,false,false
R113,F-rollout,Benchmark design / gates / rollout,Do not alter default Driver installs or make perception/model downloads mandatory.,worker,L1,owner_mapped_not_acceptance,not_requalified_this_pass,P12,Optional parsing and model artifacts remain separately installed; no new default Driver dependency.,RFC target; exact feature qualification remains separate,Optional perception remains separately installed.,cua-3931,false,false
R114,F-rollout,Benchmark design / gates / rollout,Do not require old clients to understand a new revision contract before acceptance.,contract,L3,owner_mapped_not_acceptance,not_requalified_this_pass,P12,Generate from Rust source only after accepted public semantics; old-client fallback must preserve the previous fresh-read behavior.,RFC target; exact feature qualification remains separate,Generated SDK/schema compatibility is part of the corresponding decision.,G-conditional cua-2512,false,false
R115,F-rollout,Benchmark design / gates / rollout,Run focused tests for each change before a full native matrix.,test-owner,L1,owner_mapped_not_acceptance,not_requalified_this_pass,P12,"Use the existing ownership boundary; prior issue/PR links are inherited candidate homes, not fresh selections.",RFC target; exact feature qualification remains separate,Use the strongest existing owner test rather than multiplying duplicate tests.,cua-4094 G-native,false,false
R116,F-rollout,Benchmark design / gates / rollout,Run the full supported desktop matrix on each stable relevant candidate.,test-owner,L1,owner_mapped_not_acceptance,not_requalified_this_pass,P12,"Use the existing ownership boundary; prior issue/PR links are inherited candidate homes, not fresh selections.",RFC target; exact feature qualification remains separate,Mock or compile-only platform evidence is not native certification.,G-native,false,false
R117,F-rollout,Benchmark design / gates / rollout,Tie evidence to exact source and account explicitly for later deltas.,test-owner,L1,owner_mapped_not_acceptance,not_requalified_this_pass,P01 P12,"Use the existing ownership boundary; prior issue/PR links are inherited candidate homes, not fresh selections.",RFC target; exact feature qualification remains separate,Revalidate affected evidence when shared runner files or contracts change.,G-native cua-4052,false,false
R118,F-rollout,Benchmark design / gates / rollout,Remove optimizations that fail their latency or correctness gates.,test-owner,L1,owner_mapped_not_acceptance,not_requalified_this_pass,P12,"Use the existing ownership boundary; prior issue/PR links are inherited candidate homes, not fresh selections.",RFC target; exact feature qualification remains separate,Retain useful measurement evidence even when reverting the mechanism.,G0 G-native,false,false
R119,F-rollout,Benchmark design / gates / rollout,"Rollback to fresh observation, one validated action and fresh verification.",test-owner,L1,owner_mapped_not_acceptance,not_requalified_this_pass,P12,"Use the existing ownership boundary; prior issue/PR links are inherited candidate homes, not fresh selections.",RFC target; exact feature qualification remains separate,Do not leave two competing state authorities active.,G-conditional G-guarded,false,false
R120,F-rollout,Benchmark design / gates / rollout,Preserve contributor authorship and recorded scope decisions when consolidating.,delivery-system,L1,owner_mapped_not_acceptance,not_requalified_this_pass,P12,"Contributors are independent owners, not presumed workers assigned by our graph. Preserve source authorship and ask before expanding selected work.",RFC target; exact feature qualification remains separate,Extend selected work transparently; do not absorb someone else's work by rewriting attribution.,cua-3473 cua-4094,false,false
